{"car": [[[[0.447602209170912, -0.8175339678984734], [-2.1041810455818597, -0.40468448936672274], [-0.35509679019770823, -0.40681880019666483], [-1.0932381850874973, -0.6987468581789746], [1.636712757403461, 1.1307557437693179], [2.1535751049878176, 0.13411623952346075], [-1.1574049042221868, 1.2322989447277437], [-1.019390300981593, 2.2759250612403514], [-2.3360506660399745, 0.9992225671679096], [-0.26189255256718047, 0.3027935027669497], [2.365869923157504, -0.22921238461328697], [0.16981113132952474, 0.3806489731647593], [0.4227475279683124, -0.3488177545983029], [0.5950248630156327, 1.4087553667525632], [-2.4170374915616746, 0.2063832654543334], [-1.9006252711917093, 2.3213139192654104]], [{"position": [2.451936230480854, 9.19921149163985], "radius": 0.5, "density": 1.0, "wheel_axis": [0.0, 1.0], "speed": -10.0, "torque": 50.0, "enable_motor": true, "damping_ratio": 0.7}, {"position": [-2.489877491397048, 8.070695237571732], "radius": 0.5, "density": 1.0, "wheel_axis": [0.0, 1.0], "speed": -10.0, "torque": 50.0, "enable_motor": true, "damping_ratio": 0.7}]]], "terrain": [[-10, 0], [0, 0.0], [0, 0.0], [10, 0.28634336594028786], [10, 0.28634336594028786], [20, 0.2844892441028909], [20, 0.2844892441028909], [30, 1.2761376872952834], [30, 1.2761376872952834], [40, 1.7991573766362265], [40, 1.7991573766362265], [50, 0.27646720373681155], [50, 0.27646720373681155], [60, 0.11544966743149121], [60, 0.11544966743149121], [70, 2.523318791331298], [70, 2.523318791331298], [80, 0.1468423489172066], [80, 0.1468423489172066], [90, 4.05691782241797], [90, 4.05691782241797], [100, 1.438896737476566], [100, 1.438896737476566], [110, 2.525846861424507], [110, 2.525846861424507], [120, 2.273495423250714], [120, 2.273495423250714], [130, 4.775654095063708], [130, 4.775654095063708], [140, 6.747634674777058], [140, 6.747634674777058], [150, 4.659130963473946], [150, 4.659130963473946], [160, 6.316708298740685], [160, 6.316708298740685], [170, 8.197466900213561], [170, 8.197466900213561], [180, 5.949487273842083], [180, 5.949487273842083], [190, 7.521590794779549], [190, 7.521590794779549], [200, 0.6947470665919697], [200, 0.6947470665919697], [210, 7.360446572007885], [210, 7.360446572007885], [220, 3.0877203907494297], [220, 3.0877203907494297], [230, 1.8224302538605368], [230, 1.8224302538605368], [240, 5.122296501188514], [240, 5.122296501188514], [250, 4.383545853186494], [250, 4.383545853186494], [260, 5.813970290898942], [260, 5.813970290898942], [270, 8.087797098435706], [270, 8.087797098435706], [280, 13.980152698323659], [280, 13.980152698323659], [290, 3.744542994038323], [290, 3.744542994038323], [300, 10.567538073594111], [300, 10.567538073594111], [310, 12.105915495826485], [310, 12.105915495826485], [320, 9.59978376814438], [320, 9.59978376814438], [330, 2.669932434829879], [330, 2.669932434829879], [340, 7.322203374583372], [340, 7.322203374583372], [350, 5.9952484546074505], [350, 5.9952484546074505], [360, 2.228276964223809], [360, 2.228276964223809], [370, 11.427908175112869], [370, 11.427908175112869], [380, 17.929874037625595], [380, 17.929874037625595], [390, 18.574383618935222], [390, 18.574383618935222], [400, 16.46495123732984], [400, 16.46495123732984], [410, 14.367577073877698], [410, 14.367577073877698], [420, 14.381719039296774], [420, 14.381719039296774], [430, 5.211235099100386], [430, 5.211235099100386], [440, 7.50294834705082], [440, 7.50294834705082], [450, 21.872640318873145], [450, 21.872640318873145], [460, 2.9896891793822613], [460, 2.9896891793822613], [470, 5.268859568012757], [470, 5.268859568012757], [480, 3.398360070480314], [480, 3.398360070480314], [490, 3.0828375116169324], [490, 3.0828375116169324], [500, 16.250279986910783], [500, 16.250279986910783], [510, 11.405321080132492], [510, 11.405321080132492], [520, 2.9817309723801335], [520, 2.9817309723801335], [530, 7.358412688586905], [530, 7.358412688586905], [540, 3.3978479525348755], [540, 3.3978479525348755], [550, 8.528821678508818], [550, 8.528821678508818], [560, 23.891909139695723], [560, 23.891909139695723], [570, 20.35937881422467], [570, 20.35937881422467], [580, 18.44643213792787], [580, 18.44643213792787], [590, 10.182225800134367], [590, 10.182225800134367], [600, 20.10006719962514], [600, 20.10006719962514], [610, 9.978458607331618], [610, 9.978458607331618], [620, 8.708224312004912], [620, 8.708224312004912], [630, 7.315253481854471], [630, 7.315253481854471], [640, 18.528148222278066], [640, 18.528148222278066], [650, 1.6264117509915657], [650, 1.6264117509915657], [660, 9.381600237394457], [660, 9.381600237394457], [670, 2.0364993766847306], [670, 2.0364993766847306], [680, 33.31793256499502], [680, 33.31793256499502], [690, 1.3890572900194806], [690, 1.3890572900194806], [700, 4.737013199610333], [700, 4.737013199610333], [710, 21.15375902865038], [710, 21.15375902865038], [720, 9.381522572292564], [720, 9.381522572292564], [730, 27.639476427071493], [730, 27.639476427071493], [740, 35.98290629028906], [740, 35.98290629028906], [750, 8.834382554791182], [750, 8.834382554791182], [760, 20.964974473416266], [760, 20.964974473416266], [770, 13.788432648485857], [770, 13.788432648485857], [780, 19.996221963745676], [780, 19.996221963745676], [790, 39.02333429838347]]}